N,execucoes,metodo_selecao,TP,NG,TC,TM,IG,custo_medio,desvio_padrao,melhor_custo,pior_custo,ganho_medio,tempo_medio
50,20,torneio,100,200,0.8,0.8,0.1,913.55,29.54568496413647,845,964,59.05895053805307,2.049833069100032
50,20,torneio,50,200,0.5,0.8,0.7,953.25,35.95535426052704,877,1011,58.699006250517584,0.712358723500006
50,20,torneio,50,200,0.2,0.8,0.7,948.0,56.92099788303083,853,1042,58.645261429228924,0.6950621600499971
50,20,torneio,100,200,0.5,0.8,0.1,931.3,40.374620741252784,848,989,58.46753621171837,2.050212556449992
50,20,torneio,50,200,0.5,0.8,0.1,944.9,39.65085118884587,884,1045,58.20951626100466,0.7094012394499941
50,20,torneio,50,200,0.8,0.8,0.1,957.25,39.546017498605345,885,1034,58.208900032161765,0.7374122526500286
50,20,torneio,100,200,0.8,0.8,0.7,943.3,26.849767224316864,903,1025,58.14090780178866,1.874748332450008
50,20,torneio,100,200,0.2,0.8,0.1,941.3,37.4834630203774,836,1018,57.93678690739631,1.3667763606500103
50,20,torneio,50,200,0.2,0.8,0.1,960.85,44.48626192432895,872,1046,57.92864997939232,0.7072034401499991
50,20,torneio,50,200,0.8,0.8,0.7,963.3,35.781419759422626,877,1024,57.59286856684232,0.6889011599499554
50,20,torneio,100,200,0.5,0.8,0.7,957.45,43.480426630841606,876,1033,57.38567887773147,1.9618617565498653
50,20,torneio,100,200,0.2,0.8,0.7,950.15,50.42943089109771,850,1032,57.30652600139003,1.3344905139000276
50,20,torneio,10,200,0.8,0.8,0.7,1048.35,50.59177304661303,956,1143,57.29565280303361,0.14230390264999643
50,20,torneio,100,200,0.2,0.2,0.7,972.25,47.72302903211405,862,1037,56.99722741007355,1.3353913812999507
50,20,torneio,100,200,0.8,0.2,0.7,967.1,47.294714292402695,856,1049,56.99527062544765,2.1203535117000003
50,20,torneio,100,100,0.2,0.8,0.1,978.3,44.83648068258703,877,1056,56.91024154382406,0.6850535328000206
50,20,torneio,100,200,0.5,0.2,0.1,978.25,43.514221813103816,911,1054,56.802079492277336,1.866523081000014
50,20,torneio,10,200,0.2,0.8,0.7,1045.9,52.05180112157504,933,1138,56.772357198047146,0.13012415355000256
50,20,torneio,100,200,0.8,0.2,0.0,967.45,32.02417055912612,911,1037,56.60223433355471,2.0632072028499806
50,20,torneio,100,200,0.5,0.2,0.7,965.45,45.42298427008072,893,1040,56.55970126640072,1.8794397800000069
50,20,torneio,100,100,0.2,0.8,0.7,985.85,34.784012132012606,901,1065,56.554597186890554,0.7094345251000049
50,20,torneio,50,200,0.5,0.2,0.1,1005.25,44.564419664122184,935,1096,56.54114775658752,0.6584232335000365
50,20,torneio,50,200,0.2,0.2,0.0,1015.95,49.25187813677769,917,1084,56.42796561324322,0.6809496417999981
50,20,torneio,100,100,0.5,0.8,0.7,981.1,55.3533196836468,862,1101,56.30031983377486,0.6895272744000522
50,20,torneio,10,200,0.5,0.8,0.1,1052.7,53.73369520142831,949,1182,56.28049327468567,0.133318273149996
50,20,torneio,50,100,0.8,0.8,0.7,1014.1,40.43006307192705,917,1096,56.21836884915941,0.3352458777500374
50,20,torneio,100,200,0.2,0.2,0.0,985.4,38.17119332690556,867,1041,56.18744104228098,1.2856849436999709
50,20,torneio,100,200,0.8,0.2,0.1,986.0,31.629100524675057,918,1068,56.03873609715313,2.004864101349972
50,20,torneio,50,100,0.5,0.8,0.7,1015.25,43.62209875739589,929,1088,56.00727424981441,0.31972890275000054
50,20,torneio,100,100,0.8,0.8,0.7,973.6,35.59269587991334,902,1076,55.94369011727753,0.6890120395999701
50,20,torneio,10,200,0.2,0.8,0.1,1073.35,47.50081578246841,987,1191,55.84046690930152,0.13089250569996694
50,20,torneio,50,200,0.8,0.2,0.0,1011.85,38.420404734984245,960,1101,55.76274742366955,0.6941468469000256
50,20,torneio,100,200,0.5,0.2,0.0,988.8,40.33683180419603,920,1066,55.73289134721441,1.9354572364499745
50,20,torneio,10,200,0.5,0.8,0.7,1051.6,42.56218979328954,964,1180,55.664446757509324,0.1337730427500219
50,20,torneio,100,100,0.5,0.8,0.1,996.65,41.628445803320595,926,1067,55.46331801764065,0.6651179113499893
50,20,torneio,50,100,0.8,0.8,0.1,1041.65,46.52125858142705,951,1148,55.40692336569164,0.3289942793999785
50,20,torneio,50,200,0.8,0.2,0.7,1013.55,62.08258612525738,904,1128,55.401817625330786,0.6712235721999832
50,20,torneio,50,200,0.5,0.2,0.7,1007.85,43.488245538306096,940,1097,55.3225952903551,0.6667764667999677
50,20,torneio,50,200,0.8,0.2,0.1,1014.9,30.75369896451482,940,1059,55.23745530700279,0.6496376553999653
50,20,torneio,50,100,0.2,0.8,0.7,1025.05,42.31958766339766,962,1093,55.19203796429822,0.32081669154993053
50,20,torneio,50,100,0.2,0.8,0.1,1027.4,53.90306113756435,910,1121,55.15058670785622,0.32339721269996746
50,20,torneio,10,200,0.8,0.8,0.1,1087.4,37.885881275219134,999,1156,55.144276061476845,0.1450194423500079
50,20,torneio,100,200,0.2,0.2,0.1,987.95,26.723538313629057,937,1035,55.07466970134571,1.282527153900014
50,20,torneio,100,100,0.8,0.8,0.1,991.05,44.141222230472955,934,1103,55.029778451305084,0.6935500054999466
50,20,torneio,50,200,0.2,0.2,0.7,1029.95,34.90913204306289,958,1088,54.915897147504666,0.6655478636000112
50,20,torneio,50,100,0.5,0.8,0.1,1018.5,42.64094276631322,916,1097,54.88939194541764,0.36028404030000727
50,20,torneio,50,200,0.2,0.2,0.1,1026.0,45.05774073341894,913,1093,54.77509289339154,0.6941729824500044
50,20,torneio,50,200,0.5,0.2,0.0,1034.65,37.88043690349941,970,1113,54.67830479029478,0.6746070709999572
50,20,torneio,100,100,0.5,0.2,0.0,1031.35,49.44115188787575,920,1104,54.34912595379998,0.6684346848499672
50,20,torneio,100,100,0.2,0.2,0.1,1029.5,43.47815543465477,957,1104,54.20997934354788,0.6717240188499772
50,20,torneio,100,100,0.8,0.2,0.1,1031.75,53.56479720861454,922,1130,53.905950869211246,0.6989614094500212
50,20,torneio,100,100,0.5,0.2,0.7,1033.25,54.62314070062248,934,1143,53.85807449544942,0.6886690724999426
50,20,torneio,100,100,0.2,0.2,0.7,1044.35,52.65194678262144,951,1143,53.70917176496109,0.6728929572999732
50,20,torneio,100,100,0.8,0.2,0.7,1044.7,38.573436455675036,974,1141,53.64836284519761,0.6786538855000345
50,20,torneio,100,100,0.2,0.2,0.0,1052.65,63.75599971767364,925,1152,53.57396956061833,0.6818873880000182
50,20,torneio,10,100,0.2,0.8,0.7,1138.45,71.78542679402275,950,1291,53.516428742525406,0.06884440439998799
50,20,torneio,100,100,0.5,0.2,0.1,1038.8,32.43239121619003,976,1124,53.502650970990416,0.679929439649959
50,20,torneio,100,100,0.8,0.2,0.0,1055.2,37.87162526219333,977,1121,53.1193454148236,0.7032022731499865
50,20,torneio,50,200,0.8,0.8,0.0,1103.65,59.17201619008769,991,1248,52.03462276451579,0.7151411909500893
50,20,torneio,50,100,0.2,0.2,0.1,1116.7,32.978932669205655,1068,1181,51.96980649446474,0.3259757987500166
50,20,torneio,10,100,0.8,0.8,0.7,1146.2,59.42945397696331,1033,1286,51.948283462197296,0.07510804334998511
50,20,torneio,100,200,0.8,0.8,0.0,1071.95,77.65402436448481,964,1235,51.94625818993235,2.2616845974999706
50,20,torneio,50,100,0.8,0.2,0.0,1110.25,53.45640747375379,1030,1199,51.847738725836436,0.32940898879996894
50,20,torneio,50,100,0.8,0.2,0.7,1108.35,53.81660988951273,1029,1213,51.695735537919724,0.32591006375000686
50,20,torneio,50,100,0.5,0.2,0.0,1111.05,56.557470770889324,1027,1220,51.6593342752833,0.3134786267500317
50,20,torneio,50,100,0.5,0.2,0.1,1114.6,45.18893669915237,1053,1213,51.637577380931404,0.3297838705000459
50,20,torneio,10,100,0.8,0.8,0.1,1166.55,59.107085023709296,1096,1299,51.575751902006765,0.07404328415000236
50,20,torneio,100,200,0.5,0.8,0.0,1088.65,69.71246301774167,942,1212,51.4739671276712,2.149887983500025
50,20,torneio,10,200,0.5,0.2,0.7,1214.9,56.512741926047084,1107,1310,51.337457814168786,0.12878960820002022
50,20,torneio,100,50,0.8,0.8,0.1,1113.55,49.03108707748585,1023,1218,51.17154195887291,0.38457227879998757
50,20,torneio,10,100,0.2,0.8,0.1,1179.55,41.94934445256565,1094,1242,51.11192002622292,0.06734785830000192
50,20,torneio,50,100,0.2,0.2,0.0,1139.8,42.07208100391517,1079,1236,51.03481742608428,0.3304564255499599
50,20,torneio,10,100,0.5,0.8,0.1,1189.25,62.63934466451577,1081,1338,50.99028768508789,0.07106034989998307
50,20,torneio,10,200,0.8,0.2,0.1,1203.35,48.2869288731433,1114,1265,50.9737559951689,0.13005816890001826
50,20,torneio,10,200,0.8,0.2,0.7,1206.9,50.839846577266535,1073,1296,50.744631794128175,0.13721246824997024
50,20,torneio,10,100,0.5,0.8,0.7,1179.8,56.18772107854171,1080,1261,50.730146222461336,0.06980559949998906
50,20,torneio,10,200,0.8,0.2,0.0,1188.45,62.246666577416015,1088,1341,50.697757640066484,0.13026853525000207
50,20,torneio,10,200,0.2,0.2,0.0,1198.2,66.99223835639468,1038,1301,50.592302212236405,0.13754481070001248
50,20,torneio,50,100,0.8,0.2,0.1,1118.4,69.8429667182029,952,1244,50.35810804968268,0.3260236368500159
50,20,torneio,100,50,0.5,0.8,0.7,1129.1,39.486579998779334,1035,1205,50.31346462446725,0.3498783073499908
50,20,torneio,50,100,0.5,0.2,0.7,1138.45,47.15980809969438,1076,1246,50.26939723541368,0.3340019802999791
50,20,torneio,100,50,0.2,0.8,0.7,1121.05,36.09359361437982,1052,1171,50.18324664210394,0.3558249995000097
50,20,torneio,100,50,0.8,0.8,0.7,1104.45,43.4010080528091,1022,1214,50.17973106037387,0.3701901896499976
50,20,torneio,100,200,0.2,0.8,0.0,1131.15,47.61751253478072,1042,1221,50.16008224071242,1.364781425299975
50,20,torneio,50,100,0.2,0.2,0.7,1125.75,41.54500571669235,1003,1183,50.128832582805884,0.3140820190000227
50,20,torneio,100,50,0.5,0.8,0.1,1123.5,42.61279150677646,1049,1213,50.09851187319485,0.35392569345001446
50,20,torneio,50,200,0.5,0.8,0.0,1143.75,67.69481147030399,1031,1268,50.03237708458241,0.7213875399500239
50,20,torneio,10,200,0.2,0.2,0.1,1211.45,41.18673937082177,1095,1310,49.95523564806774,0.13789963090000584
50,20,torneio,50,200,0.2,0.8,0.0,1164.65,48.51626016089863,1087,1268,49.88775414274302,0.7061735361500269
50,20,torneio,100,50,0.2,0.8,0.1,1135.3,53.86752268296733,1007,1208,49.846396531062,0.3720046017999721
50,20,torneio,50,50,0.5,0.8,0.7,1140.95,43.78638487018539,1052,1227,49.77578092496857,0.16583031275002896
50,20,torneio,10,200,0.5,0.2,0.0,1225.65,65.32708090830326,1107,1346,49.65787854012687,0.13084164954997277
50,20,torneio,50,50,0.2,0.8,0.7,1155.15,49.130718496679854,1050,1247,49.55095044328233,0.17059467065001854
50,20,torneio,10,200,0.2,0.2,0.7,1213.55,42.88878058420407,1149,1284,49.23695819850771,0.1383788730499873
50,20,torneio,50,50,0.8,0.8,0.1,1153.7,46.54470968864238,1097,1240,49.1090985290191,0.1686229298500052
50,20,torneio,10,200,0.5,0.2,0.1,1211.55,66.76112266881077,1085,1388,48.94885874171975,0.128329783449999
50,20,torneio,50,50,0.8,0.8,0.7,1190.45,48.80110142199661,1079,1275,48.919395244463985,0.1735587477499962
50,20,torneio,50,50,0.2,0.8,0.1,1188.95,55.930738418154284,1063,1264,48.728320819178556,0.1740299121500243
50,20,torneio,100,50,0.8,0.2,0.0,1171.55,55.30594452678663,1052,1279,48.319032115257556,0.3523743181499867
50,20,torneio,100,50,0.8,0.2,0.7,1174.5,41.657532332100516,1103,1242,47.989362793638,0.3680230836999499
50,20,torneio,50,100,0.2,0.8,0.0,1211.0,46.13566949768909,1127,1333,47.675883458275884,0.33651811520002184
50,20,torneio,100,50,0.5,0.2,0.7,1173.2,58.098709107862284,1059,1260,47.674495074280344,0.34878736615009986
50,20,torneio,100,100,0.2,0.8,0.0,1170.0,45.71323659510448,1101,1266,47.6229621902731,0.685453932400037
50,20,torneio,100,50,0.8,0.2,0.1,1161.35,33.49817159189438,1108,1234,47.589914412625205,0.3714573428500671
50,20,torneio,100,100,0.5,0.8,0.0,1180.9,62.04989927469665,1075,1349,47.54804089084289,0.731985319649948
50,20,torneio,50,50,0.5,0.8,0.1,1193.8,60.73763248596376,1117,1376,47.424832887266454,0.17730273939997687
50,20,torneio,100,50,0.5,0.2,0.0,1194.5,52.03124061561477,1094,1328,47.34984735167043,0.3560928357999728
50,20,torneio,50,100,0.5,0.8,0.0,1205.2,69.31421210689768,1014,1336,47.34165828167439,0.35249628775001157
50,20,torneio,10,50,0.8,0.8,0.7,1287.6,67.3790768710881,1172,1406,47.332914304549384,0.03534975729997995
50,20,torneio,50,100,0.8,0.8,0.0,1214.15,68.80354278669085,1065,1374,47.20820558923394,0.33713191040003493
50,20,torneio,100,50,0.5,0.2,0.1,1171.2,60.43062137691454,1057,1284,47.119256650259786,0.35899143200001615
50,20,torneio,100,100,0.8,0.8,0.0,1198.8,76.6019581995134,1015,1296,46.40321958733328,0.7073268866000262
50,20,torneio,50,50,0.8,0.2,0.1,1213.5,57.084586360943355,1102,1296,46.34992401109828,0.16371279445000936
50,20,torneio,10,50,0.5,0.8,0.7,1315.35,74.47501258811576,1188,1470,46.34324500908643,0.03497814670001844
50,20,torneio,100,50,0.2,0.2,0.7,1200.9,50.00789937599859,1108,1290,46.31747898318715,0.33220202304994473
50,20,torneio,100,50,0.2,0.2,0.1,1195.8,60.06463185602655,1122,1359,46.256086795550935,0.3431754871000294
50,20,torneio,50,50,0.8,0.2,0.0,1264.85,77.70474567232043,1096,1397,45.49484749580081,0.1633297204999508
50,20,torneio,10,50,0.2,0.8,0.7,1325.5,58.231005486767955,1192,1437,45.46736528408185,0.033854293950003014
50,20,torneio,50,50,0.8,0.2,0.7,1249.85,77.4830787978898,1084,1391,45.269219914737974,0.16416196580000814
50,20,torneio,100,50,0.2,0.2,0.0,1227.8,71.94553495527016,1096,1358,45.24312403401419,0.347382957800005
50,20,torneio,10,50,0.5,0.8,0.1,1321.15,82.702040482687,1158,1536,45.159976470210125,0.034635685899979764
50,20,torneio,50,50,0.5,0.2,0.1,1271.95,58.89182880502184,1165,1421,44.95215328330725,0.16906314719998364
50,20,torneio,10,50,0.8,0.8,0.1,1333.7,79.30012610330452,1100,1465,44.951155423895806,0.03578422855001691
50,20,torneio,50,50,0.5,0.2,0.0,1257.6,57.53033982169755,1162,1335,44.67902979692773,0.17253295765000304
50,20,torneio,10,100,0.2,0.2,0.0,1363.15,87.02716529911795,1160,1516,44.22040804734383,0.0676492601000291
50,20,torneio,10,200,0.2,0.8,0.0,1363.2,55.20108694582019,1277,1450,44.20612626377672,0.14040978584997674
50,20,torneio,50,50,0.5,0.2,0.7,1266.15,35.68231354606929,1197,1337,44.186410624310085,0.1686865752499898
50,20,torneio,10,50,0.2,0.8,0.1,1338.75,52.8477766798188,1236,1448,44.12652439954637,0.03388323319998108
50,20,torneio,50,50,0.2,0.2,0.0,1285.95,62.033438563407074,1196,1443,44.06482064941523,0.16849079710000298
50,20,torneio,10,200,0.5,0.8,0.0,1371.1,81.38789836333163,1232,1538,43.987386500695564,0.1368245064999769
50,20,torneio,50,50,0.2,0.2,0.1,1287.95,83.4077184677773,1168,1458,43.984763327351494,0.17084557219999397
50,20,torneio,10,100,0.5,0.2,0.7,1368.95,77.93296799172991,1250,1546,43.96868229574654,0.06666669265001701
50,20,torneio,10,100,0.8,0.2,0.7,1379.95,66.98318818927626,1249,1495,43.88911922943045,0.07377679659998648
50,20,torneio,10,100,0.8,0.2,0.0,1356.05,53.13800429071457,1269,1453,43.8708871806189,0.06944191135003167
50,20,torneio,10,100,0.2,0.2,0.1,1370.1,61.137468053559424,1264,1526,43.76261419830489,0.06618624055000737
50,20,torneio,10,100,0.8,0.2,0.1,1368.4,51.7594435827898,1269,1475,43.72457057614208,0.07356940879999456
50,20,torneio,50,50,0.2,0.2,0.7,1283.0,64.87757702010765,1164,1387,43.209795972649275,0.16828860369997756
50,20,torneio,10,100,0.2,0.2,0.7,1387.75,72.05683520666169,1229,1515,43.197951211801076,0.06676596319999817
50,20,torneio,10,100,0.5,0.2,0.1,1364.15,50.40265369997893,1234,1467,43.15745752922152,0.06780473214996618
50,20,torneio,10,100,0.2,0.8,0.0,1395.6,76.1940942593322,1232,1545,43.04682755295319,0.06746224535000919
50,20,torneio,100,50,0.2,0.8,0.0,1288.15,62.59654543183674,1163,1395,42.86650421392086,0.35026647709999
50,20,torneio,10,100,0.5,0.2,0.0,1389.2,90.60551859572352,1179,1581,42.84599279095579,0.0663991697500137
50,20,torneio,10,100,0.8,0.8,0.0,1398.45,66.67793863040458,1187,1543,42.67817850309261,0.07503715464999913
50,20,torneio,10,200,0.8,0.8,0.0,1370.95,103.83182315648706,1110,1621,42.08147731102834,0.1458843506500102
50,20,torneio,50,50,0.5,0.8,0.0,1328.3,52.41001812630864,1215,1420,41.80141439915085,0.17548412514996697
50,20,torneio,100,50,0.5,0.8,0.0,1307.25,68.58999562618443,1145,1424,41.70803451469358,0.3605980783000405
50,20,torneio,50,50,0.8,0.8,0.0,1324.5,87.5131418702357,1185,1559,41.4672898125168,0.172779682300029
50,20,torneio,50,50,0.2,0.8,0.0,1341.75,50.80046751753373,1201,1421,41.42490543518182,0.1723164030000362
50,20,torneio,10,50,0.5,0.8,0.0,1429.8,94.8048521964989,1288,1598,41.33417850515442,0.03499161880004067
50,20,torneio,10,50,0.2,0.8,0.0,1417.1,82.91555945659415,1249,1596,41.05822964203414,0.03436786795000444
50,20,torneio,10,100,0.5,0.8,0.0,1401.9,88.09875140999445,1208,1540,40.75214842106152,0.06847268389998362
50,20,torneio,100,50,0.8,0.8,0.0,1338.1,53.097928396501494,1199,1432,40.56217050159687,0.38938220340003227
50,20,torneio,10,50,0.8,0.8,0.0,1478.85,78.99321173366734,1269,1601,38.86866338446679,0.03634853060000296
50,20,torneio,10,50,0.8,0.2,0.7,1510.85,66.31913373981901,1367,1641,36.90330276700559,0.03425369410000485
50,20,torneio,10,50,0.5,0.2,0.1,1554.3,82.90241251013146,1352,1738,36.16135842342139,0.034917092549994776
50,20,torneio,10,50,0.5,0.2,0.0,1555.8,102.32037920179928,1364,1736,35.91091702404014,0.03369085234998011
50,20,torneio,10,50,0.5,0.2,0.7,1568.25,79.4555693453895,1415,1712,35.89154447856019,0.03370162065000386
50,20,torneio,10,50,0.8,0.2,0.1,1565.05,88.890086623875,1403,1708,35.60456597342172,0.03409756190000053
50,20,torneio,10,50,0.2,0.2,0.1,1575.65,112.7285567192271,1312,1810,34.27415663597404,0.03326501664996613
50,20,torneio,10,50,0.2,0.2,0.7,1565.6,108.89370964385408,1257,1736,34.13328242899551,0.03303694979996408
50,20,torneio,10,50,0.2,0.2,0.0,1609.3,71.74057429377048,1446,1711,34.0122519698147,0.03376544065001781
50,20,torneio,10,50,0.8,0.2,0.0,1580.4,77.38048849677804,1474,1753,33.92103944668959,0.03398471514998391
50,20,torneio,100,10,0.5,0.8,0.1,1694.65,64.95173207852119,1531,1809,25.198256537969538,0.0748409419500149
50,20,torneio,50,10,0.8,0.8,0.7,1725.9,71.0618744475545,1585,1890,24.931814719303347,0.03695876869999211
50,20,torneio,100,10,0.8,0.8,0.7,1702.0,70.50035460903726,1559,1799,24.250347319515534,0.0829681266499847
50,20,torneio,100,10,0.8,0.8,0.1,1714.95,77.39087478508044,1573,1850,24.243579698997085,0.07905962794989137
50,20,torneio,100,10,0.8,0.2,0.1,1702.15,92.7681383881341,1484,1836,24.21440739538684,0.07656885095002508
50,20,torneio,100,50,0.8,0.0,0.1,1738.7,142.2557907432945,1494,1970,24.043442061255384,0.3332859966499882
50,20,torneio,50,10,0.2,0.8,0.7,1734.8,72.20221603247367,1499,1867,24.00657064345811,0.03389935654997771
50,20,torneio,100,50,0.8,0.0,0.0,1712.4,130.94670671689303,1517,1945,23.78749179162763,0.3391203758999836
50,20,torneio,50,10,0.8,0.8,0.1,1751.5,40.79889704391529,1684,1837,23.58573968423343,0.03651424295002244
50,20,torneio,50,10,0.2,0.8,0.1,1755.5,68.39846489505449,1588,1871,23.41711132732278,0.03503594304999069
50,20,torneio,50,10,0.5,0.8,0.7,1744.8,77.65217318272555,1583,1867,23.36576686430467,0.03528424569999515
50,20,torneio,50,10,0.5,0.8,0.1,1749.95,56.90032952452912,1619,1820,22.9920087824614,0.03492245869999806
50,20,torneio,100,200,0.8,0.0,0.0,1718.8,117.45620460409916,1567,2002,22.85279791479131,2.009231949150012
50,20,torneio,100,10,0.2,0.8,0.7,1725.85,52.80840368729204,1626,1839,22.839765574454596,0.07303420399996412
50,20,torneio,100,100,0.8,0.0,0.7,1727.8,124.75479950687269,1499,2090,22.832744847729188,0.6938817543499909
50,20,torneio,100,10,0.5,0.8,0.7,1733.9,60.91297070411194,1595,1816,22.78627749440086,0.07482881775001715
50,20,torneio,100,10,0.2,0.8,0.1,1708.0,68.86871568426407,1576,1801,22.670666730551126,0.0747947465499692
50,20,torneio,100,10,0.5,0.2,0.1,1742.55,73.43396693628908,1629,1871,22.65769486032419,0.07286961769996196
50,20,torneio,100,50,0.8,0.0,0.7,1703.45,118.53247445320628,1469,2035,22.550290394900287,0.3352226442000529
50,20,torneio,100,100,0.8,0.0,0.0,1735.75,132.949943587803,1459,1999,22.2242723310892,0.6589674858500529
50,20,torneio,50,10,0.5,0.8,0.0,1776.8,77.83482511061486,1625,1912,22.21866440318872,0.03594400540001743
50,20,torneio,10,10,0.5,0.8,0.1,1895.8,95.82776215690316,1752,2152,22.052464256352927,0.00748068635001573
50,20,torneio,50,10,0.8,0.2,0.1,1784.9,97.10144180185996,1542,1947,21.728567166102845,0.03594923794998976
50,20,torneio,10,10,0.5,0.8,0.0,1915.3,84.94827838161288,1741,2035,21.611406226911956,0.007630471100003433
50,20,torneio,100,10,0.2,0.8,0.0,1756.25,53.093196362622585,1599,1830,21.576029958219976,0.07379298685002596
50,20,torneio,100,10,0.8,0.2,0.0,1760.05,78.06886383187602,1633,1956,21.55572709688636,0.07804774135001935
50,20,torneio,100,200,0.8,0.0,0.1,1771.6,111.19460418563483,1612,1964,21.508625992226833,2.009351349550002
50,20,torneio,100,10,0.8,0.2,0.7,1770.8,82.40485422594958,1574,1894,21.367225886547928,0.07491642899999533
50,20,torneio,10,10,0.8,0.8,0.7,1886.85,112.31396840998897,1596,2084,21.3476069883663,0.008068177949985511
50,20,torneio,10,10,0.2,0.8,0.7,1915.45,97.89201959301892,1637,2059,21.346691012574023,0.007741019649995451
50,20,torneio,50,10,0.5,0.2,0.1,1814.1,72.6525292058026,1701,1963,21.188024160837283,0.03384994974999245
50,20,torneio,10,10,0.8,0.8,0.1,1890.3,103.14848520458263,1716,2154,21.128511733809848,0.007828011499987042
50,20,torneio,50,10,0.8,0.2,0.7,1797.7,95.29538288920403,1571,1942,21.00285618027194,0.03566871769999125
50,20,torneio,50,10,0.2,0.8,0.0,1819.5,73.29904501424285,1653,1973,20.931888695739865,0.03579784649997464
50,20,torneio,100,200,0.8,0.0,0.7,1775.1,114.42285610838422,1518,1953,20.897464949203652,1.9240812493500017
50,20,torneio,100,10,0.5,0.2,0.7,1728.85,60.66817534754115,1609,1854,20.885376465917396,0.0722147762999839
50,20,torneio,10,10,0.2,0.8,0.1,1912.35,60.987929133558886,1816,2008,20.774069287997047,0.007238416350060106
50,20,torneio,10,10,0.8,0.8,0.0,1951.45,69.4618420429519,1817,2078,20.65367738000073,0.007682575699993777
50,20,torneio,10,10,0.5,0.8,0.7,1865.45,102.5609452959556,1673,2131,20.52657818056342,0.007961197150007138
50,20,torneio,100,10,0.8,0.0,0.7,1794.2,73.71268547543225,1687,1948,20.324046132412256,0.07593876074997752
50,20,torneio,50,10,0.8,0.8,0.0,1815.0,81.03332647744384,1635,2013,20.165016205782297,0.03619437414997719
50,20,torneio,50,10,0.5,0.2,0.7,1830.55,89.46813678623245,1611,2033,20.158202596557693,0.03549953900002265
50,20,torneio,50,200,0.8,0.0,0.0,1853.45,115.26728720673529,1610,2039,20.09409170832543,0.6893385919999673
50,20,torneio,50,10,0.8,0.2,0.0,1830.75,79.74325990326706,1634,1964,19.93926622912865,0.03673077215001967
50,20,torneio,100,10,0.8,0.0,0.1,1812.45,99.0840426103013,1643,2039,19.842565322053627,0.07640220315004172
50,20,torneio,100,10,0.5,0.8,0.0,1784.65,53.43994292661623,1717,1915,19.654836864406725,0.0773055551999505
50,20,torneio,100,10,0.2,0.2,0.1,1812.5,75.418499056929,1682,1939,19.54287906001133,0.07663571134996801
50,20,torneio,100,200,0.5,0.0,0.0,1809.0,133.31166490596388,1536,2054,19.540352982685327,1.638931649600022
50,20,torneio,50,200,0.8,0.0,0.7,1841.8,98.66640765731769,1661,2033,19.480586840275528,0.6925821608999513
50,20,torneio,100,100,0.8,0.0,0.1,1768.9,97.94993619191388,1529,1982,19.285637401177965,0.7002241803000061
50,20,torneio,100,200,0.5,0.0,0.1,1803.15,116.16121340619682,1611,2053,19.100486860574797,2.0485351234000064
50,20,torneio,50,50,0.8,0.0,0.7,1858.15,132.41838052173875,1635,2085,19.052878085476728,0.16122555945001976
50,20,torneio,100,10,0.8,0.0,0.0,1812.8,111.89083966080511,1637,2090,18.86297615728787,0.07429063704994406
50,20,torneio,100,100,0.5,0.0,0.0,1819.8,72.50075861672069,1672,1951,18.683907631725877,0.6790364439499854
50,20,torneio,10,10,0.2,0.8,0.0,1964.75,92.65574725833255,1771,2121,18.63063208832482,0.00767580739997129
50,20,torneio,100,10,0.8,0.8,0.0,1821.4,60.196677649185915,1703,1936,18.584236155203932,0.0777770351999834
50,20,torneio,100,50,0.5,0.0,0.0,1841.0,97.39147806661525,1629,2008,18.528445593648847,0.35032516204994407
50,20,torneio,50,10,0.5,0.2,0.0,1865.5,80.03343051500417,1724,2033,18.520612362026732,0.03421579945004396
50,20,torneio,100,50,0.5,0.0,0.1,1848.7,90.65379197805241,1685,2062,18.44917884904219,0.3497422271999994
50,20,torneio,50,10,0.8,0.0,0.1,1892.35,94.80098891889261,1709,2124,18.27742975483012,0.03488503075004701
50,20,torneio,100,10,0.2,0.2,0.7,1838.4,61.812134730973334,1738,1947,18.22041987779715,0.073075410599904
50,20,torneio,50,50,0.8,0.0,0.0,1858.45,169.31818419768152,1502,2153,18.195164715285678,0.15990397350000193
50,20,torneio,50,10,0.8,0.0,0.7,1855.4,82.69304686610597,1698,2005,18.162135501596413,0.03540633074998141
50,20,torneio,50,10,0.2,0.2,0.1,1855.15,83.1139428736238,1647,1963,18.07040572586091,0.0360801884000125
50,20,torneio,100,10,0.5,0.2,0.0,1800.0,72.64778042032667,1660,1894,17.97097463556935,0.07266299514990351
50,20,torneio,100,10,0.2,0.2,0.0,1833.0,41.493372964848255,1761,1905,17.676711708680763,0.07159632249999959
50,20,torneio,100,10,0.5,0.0,0.7,1865.0,84.54643694443901,1721,2032,17.663315339362775,0.07159896860000572
50,20,torneio,50,10,0.2,0.2,0.7,1873.05,78.54392083414223,1719,1984,17.65825209039378,0.03668327014994475
50,20,torneio,50,100,0.8,0.0,0.1,1884.9,101.0756647269757,1735,2096,17.644175562808677,0.313705056300023
50,20,torneio,100,100,0.5,0.0,0.1,1859.75,131.96775174261325,1586,2062,17.278333004968914,0.6684995479001146
50,20,torneio,50,100,0.8,0.0,0.7,1880.4,133.28855914893822,1721,2172,17.087678609298557,0.32595857305001347
50,20,torneio,50,100,0.8,0.0,0.0,1891.75,149.79782208029596,1589,2124,17.082352295757055,0.31138103615001
50,20,torneio,100,100,0.5,0.0,0.7,1854.95,113.92518378304246,1662,2075,17.01561509475782,0.6530937711499973
50,20,torneio,50,200,0.8,0.0,0.1,1921.25,103.72602132541284,1633,2101,16.998398626197734,0.7092298219999975
50,20,torneio,100,10,0.5,0.0,0.0,1865.4,80.81051911725355,1694,1998,16.847850810336034,0.07285100349999993
50,20,torneio,10,10,0.8,0.2,0.0,2021.65,93.28090640640238,1788,2161,16.65460047020114,0.007557313750021421
50,20,torneio,50,10,0.2,0.2,0.0,1899.15,75.72468223769579,1758,2006,16.63373514075387,0.03643533824997576
50,20,torneio,10,10,0.8,0.2,0.7,1996.9,105.3764205123708,1805,2164,16.539345758216793,0.007601775049977277
50,20,torneio,100,200,0.5,0.0,0.7,1842.25,87.42246564813875,1704,1983,16.52844315425862,2.0623921599000368
50,20,torneio,50,10,0.8,0.0,0.0,1935.2,124.63651150445442,1755,2169,16.22748241714931,0.03654613009999821
50,20,torneio,100,10,0.5,0.0,0.1,1863.65,104.43240636890448,1732,2066,16.02492122760088,0.07338261219997548
50,20,torneio,50,100,0.5,0.0,0.0,1957.75,106.57479767749972,1759,2138,15.68652420994751,0.31994752524998377
50,20,torneio,50,200,0.5,0.0,0.0,1918.15,112.5078997226417,1629,2131,15.371104822077953,0.6567607178000003
50,20,torneio,100,200,0.2,0.0,0.0,1922.9,118.35915680672957,1743,2135,15.307624356235106,1.2875144704500143
50,20,torneio,50,50,0.8,0.0,0.1,1912.7,95.23345000576215,1748,2043,15.301561683036581,0.16049839130001828
50,20,torneio,100,50,0.5,0.0,0.7,1879.6,110.13237489494176,1699,2147,15.24468241334507,0.34294157789997826
50,20,torneio,10,10,0.8,0.2,0.1,2048.65,95.97774481618121,1813,2211,15.17494867442017,0.008907508399954623
50,20,torneio,50,50,0.5,0.0,0.0,1961.75,115.03906945033934,1716,2143,15.003875121070575,0.1660872750500289
50,20,torneio,50,50,0.5,0.0,0.1,1959.05,120.29982335814131,1654,2112,14.991229593128,0.16573929134997342
50,20,torneio,50,50,0.5,0.0,0.7,1972.1,123.70444616100103,1727,2212,14.879278978744455,0.169246905600005
50,20,torneio,50,100,0.5,0.0,0.1,1975.5,127.54430602735663,1725,2211,14.155928687178605,0.3119889464999915
50,20,torneio,10,10,0.5,0.2,0.7,2090.9,105.14889443070714,1914,2294,14.113024544554259,0.007506482299970685
50,20,torneio,50,10,0.5,0.0,0.0,1960.95,85.79887819779464,1825,2201,14.103711528277913,0.03423595714997418
50,20,torneio,10,10,0.5,0.2,0.1,2060.75,89.47394872251922,1898,2235,13.810497296572668,0.007276429449996158
50,20,torneio,50,100,0.5,0.0,0.7,1973.5,133.5299591851956,1554,2160,13.785585712932027,0.31031335694998463
50,20,torneio,50,200,0.5,0.0,0.7,1992.5,86.42019439922592,1834,2134,13.498137856144265,0.666578125600006
50,20,torneio,50,200,0.5,0.0,0.1,2009.6,105.35340526057998,1781,2195,13.485779264594893,0.6541645224499802
50,20,torneio,10,10,0.5,0.2,0.0,2072.05,95.54500248573967,1863,2220,13.461151001098907,0.0071826546500005865
50,20,torneio,10,10,0.2,0.2,0.1,2110.75,125.16504104581279,1825,2317,13.195523452857966,0.007419658499975413
50,20,torneio,100,100,0.2,0.0,0.7,1937.0,124.15917203332181,1662,2104,13.089686219431886,0.6718294944500258
50,20,torneio,50,10,0.5,0.0,0.1,1988.35,97.86841931900197,1850,2178,12.934989110631033,0.033938265900007994
50,20,torneio,10,10,0.2,0.2,0.0,2072.3,106.20456675680194,1906,2277,12.882819805367253,0.007278352950004318
50,20,torneio,100,50,0.2,0.0,0.7,1962.55,142.52560296311677,1597,2208,12.693409548663624,0.3380246304000593
50,20,torneio,100,50,0.2,0.0,0.0,1961.4,122.24131871016444,1739,2197,12.34564536849385,0.34689387370003716
50,20,torneio,100,200,0.2,0.0,0.7,1982.15,98.50191622501565,1832,2176,12.163804771316496,1.2894635765000657
50,20,torneio,10,10,0.2,0.2,0.7,2107.6,97.27250382302287,1857,2307,12.112491528114246,0.007480764699982956
50,20,torneio,50,10,0.5,0.0,0.7,2010.75,99.4695305106041,1789,2169,11.867824697904272,0.03342783010000403
50,20,torneio,100,200,0.2,0.0,0.1,1988.75,125.27444871161876,1718,2226,11.787766297708341,1.2849484421499937
50,20,torneio,100,50,0.2,0.0,0.1,1996.85,93.07968360496292,1847,2233,11.621277878907813,0.34013608485001895
50,20,torneio,10,50,0.8,0.0,0.7,2181.75,122.38295428694308,1976,2495,11.582394336948104,0.0341603128499969
50,20,torneio,100,100,0.2,0.0,0.1,1996.75,109.51980414518646,1809,2200,11.564174734627873,0.6427163963999647
50,20,torneio,100,100,0.2,0.0,0.0,1985.95,119.89181581742766,1765,2185,11.290535244290146,0.6811162718499872
50,20,torneio,100,10,0.2,0.0,0.7,1989.2,123.642064039711,1798,2242,10.363149848908382,0.07021017224990374
50,20,torneio,10,200,0.8,0.0,0.7,2199.55,103.42749876120955,1962,2389,10.350255496198763,0.13087717575000396
50,20,torneio,100,10,0.2,0.0,0.0,2013.9,85.78222426586991,1891,2192,10.303725833361376,0.07054148124996118
50,20,torneio,10,100,0.8,0.0,0.7,2159.55,123.35618144219609,1933,2421,10.11382921157529,0.06681527785001436
50,20,torneio,10,50,0.5,0.0,0.0,2212.65,112.7241211986148,1948,2390,9.530483487114338,0.033156269699975385
50,20,torneio,50,10,0.2,0.0,0.7,2095.35,115.97813371493781,1792,2303,8.998016738632412,0.03602091545002395
50,20,torneio,50,100,0.2,0.0,0.0,2087.45,142.92881969707858,1802,2283,8.970370403547783,0.31265942925000445
50,20,torneio,50,200,0.2,0.0,0.7,2101.75,110.77042701010049,1925,2305,8.938804705367833,0.6957849666499897
50,20,torneio,50,200,0.2,0.0,0.1,2105.85,121.2712970986952,1778,2304,8.91994100517668,0.6958347082999581
50,20,torneio,50,10,0.2,0.0,0.0,2077.55,127.20907003826417,1831,2256,8.52260190349799,0.035830201250030315
50,20,torneio,50,200,0.2,0.0,0.0,2094.05,111.34696897536098,1835,2289,8.510886956031786,0.6502692109499776
50,20,torneio,50,50,0.2,0.0,0.7,2072.2,107.95304534842916,1786,2243,8.463494370391828,0.1689076359999831
50,20,torneio,10,200,0.8,0.0,0.0,2214.7,122.32256537532231,1947,2402,8.374028645691391,0.1293291794000197
50,20,torneio,10,10,0.8,0.0,0.7,2203.4,115.88632361068323,1981,2449,8.270578928453551,0.007408788599991567
50,20,torneio,10,100,0.8,0.0,0.1,2240.55,101.64323637114276,1982,2432,8.21587396343325,0.06583169959995985
50,20,torneio,50,50,0.2,0.0,0.1,2105.2,121.22936937887616,1842,2323,8.209725916301469,0.16079334690002725
50,20,torneio,10,100,0.8,0.0,0.0,2217.05,104.7819044491939,2035,2422,8.132028598979328,0.06831542445000878
50,20,torneio,10,200,0.8,0.0,0.1,2227.75,97.38576641378349,2081,2515,8.093031408410209,0.12878647415001296
50,20,torneio,10,100,0.5,0.0,0.7,2222.9,100.20973006649604,2030,2400,8.040992656505605,0.06660972424997454
50,20,torneio,100,10,0.2,0.0,0.1,2043.0,110.69778678907723,1734,2199,7.979870152911561,0.06964806569999382
50,20,torneio,10,10,0.5,0.0,0.1,2246.25,166.27082576327092,1798,2484,7.949201596050642,0.007479837750020124
50,20,torneio,10,200,0.5,0.0,0.1,2233.8,123.13228658641891,1970,2436,7.5290775686291935,0.12719390109999723
50,20,torneio,10,50,0.8,0.0,0.0,2234.9,101.3236892340582,2005,2401,7.449318467688232,0.03358842889996368
50,20,torneio,50,100,0.2,0.0,0.1,2087.0,91.89613702436027,1889,2217,7.410305355160067,0.31861138139998957
50,20,torneio,10,10,0.8,0.0,0.1,2219.8,122.38733594616724,1981,2418,7.39318526787724,0.007430612849987028
50,20,torneio,50,100,0.2,0.0,0.7,2128.25,79.87106797833619,1997,2304,7.336657092099385,0.3343555839499686
50,20,torneio,10,50,0.5,0.0,0.7,2260.4,132.2601224859557,1950,2549,7.189095676197157,0.03338881484999092
50,20,torneio,10,10,0.8,0.0,0.0,2235.95,87.33468669434842,2091,2397,6.939845986302991,0.007767293599999903
50,20,torneio,50,10,0.2,0.0,0.1,2152.5,84.14540985698507,2002,2312,6.89027653407336,0.03554268154998681
50,20,torneio,10,50,0.8,0.0,0.1,2250.85,118.6618198916568,2001,2464,6.858787883984462,0.0345052547000023
50,20,torneio,10,200,0.5,0.0,0.7,2225.85,123.7389490015169,1992,2422,6.779689330227039,0.13027757425001027
50,20,torneio,50,50,0.2,0.0,0.0,2125.9,129.6375331453048,1871,2316,6.71346188363069,0.15643765554999617
50,20,torneio,10,10,0.5,0.0,0.7,2239.35,116.84788188067424,2071,2494,6.051886312826902,0.007350216700012879
50,20,torneio,10,200,0.5,0.0,0.0,2296.75,118.77157698708896,2090,2578,5.403577016627011,0.1281433599999559
50,20,torneio,10,10,0.5,0.0,0.0,2302.95,112.55286535668473,2104,2504,5.131221496952259,0.00742398940003568
50,20,torneio,10,100,0.5,0.0,0.1,2282.2,125.8723957029499,1973,2485,4.810322691171369,0.0664926740499709
50,20,torneio,10,10,0.2,0.0,0.7,2344.0,119.21073777139374,2071,2537,4.264604911250498,0.007155646550006623
50,20,torneio,10,50,0.5,0.0,0.1,2334.95,122.32190114611528,2072,2501,4.140813296214537,0.0345011148999788
50,20,torneio,10,50,0.2,0.0,0.7,2345.85,122.4456103745659,1939,2553,3.8176364983599007,0.033509111299974845
50,20,torneio,10,10,0.2,0.0,0.0,2330.7,121.52164416267581,2091,2602,3.617749403184299,0.008894936799993047
50,20,torneio,10,100,0.5,0.0,0.0,2310.5,94.54654938177278,2083,2480,3.2743839813572357,0.06595156539999607
50,20,torneio,10,10,0.2,0.0,0.1,2357.55,154.78451957479467,1842,2528,3.065107667958934,0.0068209837500262435
50,20,torneio,10,100,0.2,0.0,0.7,2389.7,99.73269273412805,2172,2549,3.0382841134284617,0.06552447530001473
50,20,torneio,10,200,0.2,0.0,0.7,2313.2,106.5277428654151,2060,2498,2.630786280626503,0.13670282384997562
50,20,torneio,10,100,0.2,0.0,0.0,2374.2,98.75505050375905,2156,2532,2.546310885714402,0.06463316180004312
50,20,torneio,10,100,0.2,0.0,0.1,2359.35,101.71149148449254,2127,2559,2.436119434412132,0.06574811220001493
50,20,torneio,10,200,0.2,0.0,0.0,2358.45,98.79649538318654,2134,2490,2.3122438402032945,0.136845938249985
50,20,torneio,10,50,0.2,0.0,0.1,2403.45,92.83020790669383,2200,2569,2.0111850189382103,0.03175229215000854
50,20,torneio,10,200,0.2,0.0,0.1,2359.8,66.9407200439314,2265,2468,1.7601036509755783,0.1368292166500055
50,20,torneio,10,50,0.2,0.0,0.0,2396.8,130.01176869806824,2069,2594,1.338194835541087,0.032363569099970846
